Category,query,Response,MODEL, Human-like rate,Response Relevance - rate,Clarity & coherence,Annotator
Addressing someone whoג€™s not paying you back,A coworker borrowed money but hasnג€™t made any effort to repay. How can I bring it up kindly without creating office drama?,"
Hey [Coworker's Name], I hope you’re doing well! I wanted to follow up about the money you borrowed a while back. If you could let me know when you might be able to repay it, I’d really appreciate it. Thanks!",GPT,3,5,5,Or
Break Up,"Iג€™ve been seeing this guy for a month, but I donג€™t feel emotionally connected. Can you help me break up without being harsh?","Hey, I hope you're doing okay. There's something I wanted to talk about. I've enjoyed our time together, but I'm not feeling the emotional connection I was hoping for. Can we meet up to chat?",Claude,4,4,3,Or
Break Up,"Iג€™ve been dating someone for a few weeks, but I feel like Iג€™m not emotionally invested. Can you help me break up kindly?","Hey, I wanted to talk to you about [Name]. I've realized that I'm not as emotionally invested as I should be, and it doesn't feel fair to either of us to continue. I think it's best we part ways now before things get more serious. I care about you, and I don't want to lead you on or waste your time. I hope you understand.",Friends RAG,4,4,3,Or
Asking someone to stop oversharing personal details,"Someone I know keeps oversharing intimate details, and I need to set boundaries. How can I say this without hurting their feelings?","Hi, I appreciate that you feel comfortable sharing with me. Can we chat about setting some boundaries? I'm finding it a bit much to process sometimes.",Claude,4,4,3,Or
Disappointment Prompts,"I ordered a custom cake for a special occasion, but it was nothing like what I asked for. The design was wrong, and it didnג€™t taste good. How can I express my disappointment to the bakery?","Hey, I just wanted to let you know that I was really looking forward to that custom cake, but it wasn't what I expected. I know these things happen, but I'm just letting you know that I was disappointed. The design wasn't what I asked for, and to be honest, it didn't taste great either. I wanted to bring this up because I care about your business, and I thought you should know my feedback.",Friends RAG,5,5,3,Or
Ending a long-term friendship,Iג€™ve outgrown a friendship and donג€™t feel connected anymore. How can I step away without making it too harsh?,"Hey, I wanted to chat about how I've been feeling about our friendship lately. I feel like we might have grown apart, and I don't feel as connected to you as I used to. I think it might be time for me to step away and give us both some space. I hope you understand, and I wish you all the best.",Friends RAG,5,5,5,Or
Break Up,"Iג€™ve been seeing a guy for a few weeks, but Iג€™ve noticed some red flags that I canג€™t ignore. How do I end it before things get more serious?","Hi, I hope you're having a good day. There's something I need to discuss with you. I've enjoyed getting to know you, but I'm having some concerns. Can we meet up to talk?",Claude,4,4,4,Or
Break Up,"Iג€™ve been with my partner for 3 years, but weג€™ve been long distance for the past year, and I feel like the relationship isnג€™t working for me anymore. How do I break up without making it about the distance?","Hey [Partner's Name], I want you to know how much I care about you and how much our time together has meant to me. This is really hard for me to say, but I’ve been doing a lot of thinking, and I feel like I need to be honest about where I am right now. I’ve realized that I’m no longer feeling the same way about the relationship, and I think it’s best for both of us if we go our separate ways. This isn’t about anything you’ve done wrong—I just think I need to be true to myself and where I am right now. I hope you can understand, and I’ll always wish the best for you.",GPT,5,5,4,Or
Ending a collaboration thatג€™s not working,"A partnership Iג€™m involved in isnג€™t working, and I want to step away. How can I express this professionally?","Hey, I wanted to let you know that I'm choosing to step away from our partnership. I appreciate your efforts, but I feel it's not working out, and I think it's best for both of us to move on professionally. I wish you all the best, and I hope we can remain respectful of each other's decision.",Friends RAG,5,4,4,Or
Disappointment Prompts,"I went to a spa for a relaxing massage, but the experience was anything but relaxing. The room was cold, the therapist was late, and I could hear construction noise the entire time. How can I complain to the spa politely?","Hi [Spa Name], I hope you’re doing well. I recently visited your spa for a massage on [date], and I wanted to share my experience. Unfortunately, it was not relaxing at all. The room was cold, the therapist arrived late, and there was construction noise that made it difficult to enjoy the session. I was really looking forward to a calming experience, and this didn’t meet my expectations. I hope you can look into these issues for future guests. Thank you!",GPT,4,5,4,Or
Telling someone you no longer want to be their bridesmaid/groomsman,Iג€™ve decided I donג€™t want to be a groomsman anymore. How can I tell my friend without causing hard feelings?,"Hey [Friend's Name], I’ve been thinking a lot about your wedding, and I’m so grateful that you asked me to be a groomsman. It means a lot to me. After some careful thought, I realized that I won’t be able to commit to everything that comes with the role right now. I want to be honest with you because I don’t want to let you down last minute. I’m really sorry if this causes any inconvenience, and I hope you understand. I’m still looking forward to celebrating with you on your big day, and if there’s anything else I can do to support you, please let me know!",GPT,5,4,3,Or
Addressing a friend who frequently cancels plans,I want to tell my friend that their frequent cancellations are affecting our relationship. How can I say this kindly?,"Hey, I wanted to talk to you about something that's been on my mind. I've noticed that we've been making plans, but then they often get canceled, and it's starting to affect our friendship. I value our time together, and I want to make sure we can still hang out and have a good time. Can we talk about this and maybe figure out a way to make sure our plans stick? I value our friendship and don't want to lose it over something like this.",Friends RAG,5,5,4,Or
Breaking bad news to someone whoג€™s overly enthusiastic,"A friend is really excited about a plan, but I need to break the bad news that itג€™s not going to happen. How can I phrase this gently?","Hey, I know you're really excited about this, and I am so sorry to be the one to break it to you, but it looks like our plan isn't going to work out. I feel terrible about this, but I wanted to be honest and let you know now. I hope we can figure something else out soon!",Friends RAG,5,5,3,Or
Confronting a family member about overstepping boundaries,"My parents keep overstepping boundaries, and I need to set limits. How do I phrase this without causing tension?","Hey Mom and Dad, I really appreciate how much you care about me, and I know you always have my best interests at heart. I’ve been feeling like I need a bit more space to make my own decisions and handle some things on my own. It’s important to me to have that independence, and I hope you can understand. I’ll always value your support and advice when I ask for it, but I’d really appreciate it if you could give me some room to navigate things my way. Thanks so much for understanding.",GPT,5,5,4,Or
Rejecting someone who confessed their feelings,"A friend of mine expressed romantic feelings, but I donג€™t feel the same. How can I let them down kindly?","Hey, I wanted to chat about what you told me the other day. It was really brave of you to express how you feel, and I'm honored you felt comfortable doing so. I just wanted to be honest and let you know that I don't feel the same way, romantically. I value our friendship so much, and I really hope we can stay friends and that this doesn't change things between us.",Friends RAG,5,5,5,Or
Asking a neighbor to stop being too loud,"The neighborג€™s dog barks all day, and I want to ask them to address it. How can I phrase this kindly?","Hi there, I hope you're having a good day. Could we chat about your dog? I've noticed some frequent barking.",Claude,3,3,4,Or
Disappointment Prompts,"I booked a guided tour, but the guide was unprofessional. He arrived late, rushed through the tour, and didnג€™t provide much information. How can I express my disappointment in a message to the tour company?","Hello, I wanted to provide some feedback about the guided tour I took recently. Unfortunately, the experience fell short of my expectations. The guide was late, the tour felt rushed, and I didn't receive much information. I'd appreciate if we could discuss this further.",Claude,3,4,4,Or
Asking someone to stop oversharing personal details,"Someone I know keeps oversharing, and I want to set boundaries. How can I say this without hurting their feelings?","Hey [Name], I really appreciate that you feel comfortable sharing things with me. I just wanted to be honest—I’ve been feeling a little overwhelmed with some of the more personal details lately. I hope you don’t take it the wrong way; I really value our conversations, but I think I need to set some boundaries around what I can handle. I’m here for you, but maybe we can focus on lighter topics or chat about things that are a bit less heavy sometimes. Thanks so much for understanding!",GPT,5,4,4,Or
Addressing someone whoג€™s not paying you back,"A family member borrowed money from me, and I need it back. How do I ask for it without causing tension?","Hi, I hope you're doing okay. I wanted to check in about the money I lent you. Do you have an idea of when you might be able to repay it?",Claude,3,4,3,Or
Informing someone that their gift wasnג€™t well-received,"I received a gift that doesnג€™t fit my needs, and I want to let the person know. How can I say this without seeming ungrateful?","Hey [Person's Name], thank you so much for the thoughtful gift! It really means a lot that you took the time to choose something for me. I wanted to let you know that it’s not quite the right fit for what I need right now, but I appreciate your kindness so much. I hope you don’t take this the wrong way—I just wanted to be honest, and I’m so grateful for your generosity",GPT,3,5,3,Or
Ending a long-term friendship,Iג€™ve outgrown a friendship and donג€™t feel connected anymore. How can I step away without making it too harsh?,"Hey, I've been doing some thinking about our friendship. I feel we've grown apart. Can we chat about where we're at?",Claude,3,3,3,Or
Disappointment Prompts,"I recently went to a new doctor, and the experience was awful. He didnג€™t take the time to listen to my concerns and seemed rushed during the entire appointment. How can I express my dissatisfaction to the clinic?","Hey, I wanted to reach out and let you know about my recent experience at your clinic. I saw [Doctor's Name], and I felt rushed and unheard during the appointment. I wanted to provide this feedback as I'm sure other patients might feel the same. I think it's important that doctors take the time to listen to their patients' concerns. I hope this helps, and please know that I value my health and the work you do.",Friends RAG,4,5,4,Or
Asking a coworker to stop copying your work,"A colleague is imitating my work, and I want them to stop. How can I approach this respectfully?","Hi there, I was hoping we could have a quick chat about our recent projects. I've noticed some similarities that I'd like to discuss. Can we find a time to talk about how we can both showcase our unique strengths?",Claude,4,4,3,Or
Pushy Parents,"My parents think Iג€™m wasting time by traveling, but itג€™s something that makes me really happy. How do I explain that I donג€™t want to stop traveling just because they think I should be more 'practical'?","Hey Mom and Dad, I know you’re worried that I might be spending too much time traveling and that you want me to focus on more practical things. I really appreciate that you’re looking out for me, but I want you to know that traveling is something that makes me truly happy. It gives me a sense of freedom and helps me learn and grow in ways that are important to me. I understand that it might not seem like the best use of my time from your perspective, but it’s something I’m passionate about, and I believe it’s adding a lot to my life right now. I hope you can support me in following what makes me feel fulfilled, even if it’s a little different from what you had in mind.",GPT,5,5,5,Or
Addressing someone whoג€™s not paying you back,"I loaned money to a family member, and they havenג€™t repaid me. How can I ask for it back without causing tension?","Hey [Family Member's Name], I hope you’re doing well! I wanted to touch base about the money I lent you a while back. I understand if things have been tight, but I’d really appreciate it if you could start thinking about repaying it when you’re able to. If you need a little more time or want to discuss a plan, just let me know—I’m happy to work something out. Thanks so much for understanding!",GPT,3,4,4,Or
Informing someone that their gift wasnג€™t well-received,"A friend keeps giving me gifts that arenג€™t my style, and I want to let them know. How can I do this without hurting their feelings?",I really appreciate your generosity with all the gifts. I'm touched by your thoughtfulness. Can we chat about gift-giving?,Claude,2,2,3,Or
Turning down a job offer or promotion,"The role offered seems great, but after thinking it over, I realized it's not the right fit for me. How can I say no without closing doors?","I appreciate the offer and the opportunity. After careful consideration, I don't think this role is the best fit for my career path right now. Thank you for your understanding.",Claude,3,4,3,Or
Turning down a job offer or promotion,I've been offered a job but it's not the right fit. How can I politely decline without burning bridges?,"Thank you for the job offer. After careful consideration, I don't think it's the right fit for me at this time. I appreciate the opportunity and wish you all the best in finding the right candidate.",Claude,3,4,4,Or
Addressing a friend who frequently cancels plans,I want to tell my friend that their frequent cancellations are becoming an issue. How do I say this kindly?,"Hey [Friend's Name], I wanted to share something with you. I always enjoy the time we spend together, and I really value our plans, but lately, it’s been a bit tough when our meetups get canceled so often. I totally understand that things come up, but I just wanted to let you know how it’s been affecting me. Maybe we could figure out a way to plan things that are a bit more flexible, or times that work better for you? I’m looking forward to hanging out when it works for both of us!",GPT,4,5,4,Or
Rejecting a gift or favor that has strings attached,"Someone offered me a gift, but it comes with obligations Iג€™m not comfortable with. How can I decline politely?","Hey, I wanted to let you know that I'm not comfortable accepting the gift you offered. It's so kind of you, but I feel like it comes with obligations that I'm not ready for. I hope you understand, and I appreciate your gesture. Let's chat soon about something fun we can do together instead!",Friends RAG,4,4,4,Or
Breaking bad news to someone whoג€™s overly enthusiastic,I need to tell a coworker that the project theyג€™re excited about wonג€™t go forward. How do I break the news kindly?,"Hey, I wanted to touch base about the project you've been working on. There's been a change in plans I need to discuss with you. Can we find a time to chat? I'd like to explore other opportunities too.",Claude,3,3,3,Or
Cancelling plans last minute,I double-booked and need to cancel plans last minute. How do I tell my friend without sounding inconsiderate?,"I'm really sorry, but I accidentally double-booked myself. I have to cancel our plans. Can we reschedule? I feel awful about this mix-up.",Claude,3,4,3,Or
Break Up,"Iג€™ve been in a relationship for a year, but I feel like Iג€™m carrying the emotional weight of both of us. How do I break up without making them feel like theyג€™ve failed?","Hey [Their Name], I’ve been doing a lot of thinking about our relationship, and I want to share what’s on my mind. I really appreciate the time we’ve spent together over the past year, and I care about you. However, I’ve been feeling like I’m carrying a lot of the emotional weight in our relationship, and it’s been hard for me. I think it’s important for both of us to be in a situation where we feel balanced and fulfilled. I believe it might be best for us to go our separate ways. This decision isn’t about failure; it’s about recognizing what we both need to be truly happy. I hope you can understand, and I genuinely wish you the best moving forward.",GPT,3,4,3,Or
Disappointment Prompts,"I hired a photographer for a family event, but the photos turned out blurry, and she missed several key moments. How can I politely express my disappointment in the quality of her work?","Hi, I wanted to discuss the photos from our recent family event. While I appreciate your time, I'm concerned about the quality of some images and missed moments. Could we chat about this?",Claude,4,3,4,Or
Service Cancellation Prompts,"Iג€™ve been working with the same graphic designer, but I want to hire someone new for my next project. How do I inform them politely?","Hi [Designer’s Name], I hope you’re doing well! I wanted to let you know that I’ve decided to hire a new graphic designer for my next project. I really appreciate all the great work you've done for me. Thank you!",GPT,3,4,4,Or
Turning down a job offer or promotion,"Iג€™ve been offered a promotion, but Iג€™m happy with my current role. How do I decline while expressing gratitude?","Hey, I wanted to let you know that I'm so grateful for the opportunity and your belief in me. It means a lot! However, I'm happy where I am right now, and I don't want to take on more than I can handle. I hope you understand, and I truly appreciate your offer. Thank you!",Friends RAG,5,5,5,Or
Asking someone to stop oversharing personal details,"A friend tells me too much about their personal life, and itג€™s overwhelming. How do I ask them to tone it down kindly?","Hey [Friend's Name], I hope you’re doing well! I really appreciate your openness, but I’ve been feeling a bit overwhelmed by some of the personal details you share. I hope you don’t mind if we keep our conversations a bit lighter. Thanks for understanding!",GPT,4,4,4,Or
Pushy Parents,"My parents are pushing me to take over the family business, but I have other dreams. How do I tell them I donג€™t want to without letting them down?","Hey Mom and Dad, I’ve been thinking a lot about what you’ve said about taking over the family business, and I want you to know how much it means to me that you trust me with something so important. It’s clear how much love and effort you’ve put into building it, and that’s something I really respect and admire. But after a lot of reflection, I’ve realized that my heart is leading me in a different direction with my own dreams and passions. It’s not an easy choice, and I hope you understand that it’s not about rejecting the family legacy—it’s about following what I feel truly called to do. I’d love your support as I pursue this path, and I hope to make you proud in my own way. Thank you for always being there for me.",GPT,4,5,5,Or
Ending a long-term friendship,Iג€™ve outgrown a friendship and donג€™t feel connected anymore. How can I step away without making it too harsh?,"Hey [Friend's Name], I hope you’re doing well. I wanted to talk about something that’s been on my mind. I feel like we’ve grown apart over time, and I think it might be best for both of us to take a step back from our friendship. I appreciate the memories we’ve shared and wish you all the best moving forward. Thank you for understanding!",GPT,3,5,4,Or
Asking a neighbor to stop being too loud,"My neighbor plays loud music late at night, and itג€™s affecting my sleep. How can I ask them to be quieter without sounding rude?","Hey, I wanted to chat about your music volume. I totally get that you like to jam out, but it's impacting my sleep. Can we maybe discuss a volume limit for after a certain time at night? I don't want to be a pain, but I'm losing sleep here, and I thought you should know.",Friends RAG,4,5,3,Or
Break Up,"Iג€™ve been in a relationship for two years, and I love him, but I feel like weג€™re going in different directions in life. He wants to settle down, and Iג€™m not ready for that. How do I express this without breaking his heart?","Hey, I wanted to talk to you about something that's been on my mind. I love you, and I care about our relationship, but I feel like we might be moving in different directions. I'm not ready to settle down yet, and I don't want to hold you back from what you want. I hope you understand, and we can figure out a way to make this work without breaking your heart. I love you, and I don't want to lose what we have, but I think we need to talk about this soon.",Friends RAG,5,5,3,Or
Breaking bad news to someone whoג€™s overly enthusiastic,"Someone is thrilled about an event, but I know itג€™s going to be canceled. How do I break the news gently?","Hey, I have a feeling you don't know this yet, but I just heard that the event you're excited about might be canceled. I wanted to let you know as soon as possible so that you're not blindsided when it happens. I know how much you were looking forward to it, and I'm really sorry. I'm here if you need to talk or if you want to vent about it.",Friends RAG,4,4,4,Or
Turning down a job offer or promotion,"The job offer is great, but the salary doesnג€™t meet my expectations. How can I decline it professionally?","I wanted to thank you again for the job offer. While I'm really excited about the role, I've decided to decline as the compensation doesn't quite align with my expectations. I truly appreciate the opportunity and wish you all the best.",Claude,4,4,4,Or
Telling someone you no longer want to be their bridesmaid/groomsman,"I accepted being a bridesmaid, but my financial situation has changed, and I canג€™t commit anymore. How can I back out without upsetting the bride?","Hey, I wanted to talk to you about the bridesmaid situation. I'm so sorry, but my financial situation has changed, and I can't commit to being a bridesmaid anymore. I know it's a lot to process, and I'm truly sorry for any inconvenience this may cause. I hope we can still be on good terms, and I wish you all the best with the wedding plans.",Friends RAG,3,5,4,Or
Break Up,"Iג€™ve been in a relationship for a while, but Iג€™ve realized Iג€™m happier when Iג€™m alone. Can you help me write a breakup message?","Hey, I wanted to talk to you about something. I think we should take some time apart and focus on ourselves for a while. I really value our relationship, but I've realized that I need some space to work on my own happiness. I hope you understand, and I genuinely wish you all the best. Take care.",Friends RAG,3,4,3,Or
Telling someone you no longer want to be their bridesmaid/groomsman,Iג€™ve decided I canג€™t be a part of my friendג€™s wedding party anymore. How do I tell them without causing tension?,"Hey, I need to talk to you about something important regarding your wedding. Can we find a time to chat?",Claude,5,3,4,Or
Break Up,"Iג€™ve been with my girlfriend for 2 years, but Iג€™ve developed feelings for someone else. I donג€™t want to hurt her, but I know I have to end it. Can you help me with a breakup text?","Hey, I know we've been together for a while now, and I care about you a lot, but I need to be honest: my feelings have changed, and I've developed feelings for someone else. I don't want to lead you on or hurt you any further, so I think it's best we part ways. I'm really sorry, and I hope you can understand.",Friends RAG,3,5,4,Or
Service Cancellation Prompts,"Iג€™ve been using the same caterer for my events, but Iג€™ve decided to try someone new. How do I politely cancel their services?","Hi, I hope this message finds you well. I've decided to try a new caterer for my upcoming events. Thank you for all your excellent service in the past.",Claude,2,4,3,Or
Service Cancellation Prompts,"Iג€™ve been seeing the same therapist for a while, but Iג€™ve decided to switch to someone else. How can I inform them that I wonג€™t be continuing?","Hi, I hope you're doing well. After careful consideration, I've decided to switch to a different therapist. Thank you for all your support and guidance.",Claude,2,4,3,Or
Break Up,"Iג€™ve been with my partner for 5 years, and weג€™ve grown comfortable, but I donג€™t feel passionate anymore. How do I break up without making them feel like itג€™s their fault?","Hey [Partner's Name], I want to talk about something that’s been on my mind for a while. I truly value the time we’ve spent together over the last five years, and I care about you deeply. However, I’ve been feeling like the passion and connection we once had has changed, and I think it’s important to be honest about it. I believe it would be best for both of us to go our separate ways and explore what we truly want in our lives. This decision isn’t a reflection of anything you’ve done—it's more about where I am personally. I hope you can understand, and I wish you all the best moving forward.",GPT,4,5,4,Or
Confronting a family member about overstepping boundaries,"A family member keeps offering unsolicited advice, and I want to ask them to stop. How do I say this without causing conflict?","Hey, I wanted to talk to you about something. I really appreciate your advice and that you care enough to offer it, but sometimes I feel like I'm being given a bit too much guidance. I want to figure some things out on my own and would appreciate it if we could just chat without the extra advice. I hope you understand.",Friends RAG,4,4,4,Or
Confronting someone about a hygiene issue,"I have a roommate with a hygiene problem, and itג€™s affecting our living situation. How can I address this delicately?","Hey, I wanted to talk to you about something that's been on my mind. I'm not sure how to say this, but I've noticed an issue with your personal hygiene lately, and it's starting to affect our living situation. I wanted to bring it up directly with you before it becomes a bigger problem. I'm happy to help in any way I canג€”whether that's running some extra loads of laundry or just reminding you to take a shower. Let me know if there's anything I can do to support you, okay?",Friends RAG,4,5,4,Or
Telling a friend you don't want to go into business with them,"A friend asked me to go into business with them, but Iג€™m not interested in mixing friendship with business. How do I express this without damaging the friendship?","I'm honored you'd consider me for your business venture. After careful thought, I don't think mixing our friendship with business is the right choice for me. I hope you can understand.",Claude,3,4,3,Or
Disappointment Prompts,"Iג€™ve been working with a personal trainer, but I feel like Iג€™m not getting the attention I need. Heג€™s always late to our sessions and spends more time on his phone than helping me. How can I let him know that Iג€™m disappointed in the service?","Hey, I wanted to touch base about our training sessions. I feel like I'm not getting the attention I need to reach my fitness goals. You're often late, and there's a lot of phone use during our time. Can we discuss how to improve our sessions?",Claude,4,5,3,Or
Break Up,"Iג€™ve been dating someone for a while, but their lifestyle is very different from mine, and I donג€™t see us fitting together long-term. How can I break up in a way thatג€™s respectful?","Hi, I hope you're having a good day. There's something I wanted to talk about. I've really valued our time together, but I'm realizing our lifestyles might not be as compatible as I thought. Can we meet up to chat?",Claude,3,4,3,Or
Telling a friend you don't want to go into business with them,"I value our friendship, but I donג€™t feel comfortable joining a business venture together. How can I phrase this kindly?","Hey [Friend's Name], I hope you’re doing well! I wanted to talk about the business idea you mentioned. I truly value our friendship, but I don’t feel comfortable joining a business venture together. I hope you can understand where I’m coming from, and I’m looking forward to continuing to support each other in other ways!",GPT,3,4,3,Or
Service Cancellation Prompts,"Iג€™ve been using the same car mechanic for years, but I found a new shop I want to try. How can I inform them that I wonג€™t be coming back?","Hello, I hope this message finds you well. I've decided to try a new auto shop, so I won't be bringing my car in anymore. Thanks for all your reliable service over the years.",Claude,3,3,3,Or
Ending a long-term friendship,A friendship Iג€™ve had for years no longer feels healthy. How can I end it without causing unnecessary pain?,"Hey, I wanted to talk to you about something that's been on my mind. Our friendship has meant a lot to me over the years, but lately, it doesn't feel like it used to. I think it might be time for us to go our separate ways. I value the good times we had, but I think it's best for both of us to move on. I hope we can both find our peace and happiness separately. Take care.",Friends RAG,4,5,4,Or
Pushy Parents,"My parents think Iג€™m wasting time by pursuing my artistic career, but itג€™s what I love. How can I express that I donג€™t want to give up on my dreams just to make them happy?","Hey, I know it's a bit scary, but you need to tell your parents how you feel. It's your life, and your dreams are important. You can say something like, ""Hey, I wanted to talk to you about my future plans. I know you might have different ideas, but I really want to pursue an artistic career. It's what I'm passionate about, and I hope you can support me in this."" It's important to be honest and direct, but also respectful of their opinions. Good luck!",Friends RAG,4,4,4,Or
Break Up,"Iג€™ve been dating this girl for 6 months, but her family is very involved in our relationship, and itג€™s overwhelming me. How can I break up with her without making it about her family?","Hey [Her Name], I want you to know that I really appreciate the time we’ve spent together and how much I’ve gotten to know you. This isn’t easy to say, but I’ve been feeling like I need to take a step back from our relationship. It’s not about anything you’ve done—I just think I’m not in the right place for this right now, and I don’t want to keep going if I can’t give it my all. I hope you can understand where I’m coming from, and I truly wish you all the best moving forward.",GPT,3,5,3,Or
Cancelling plans last minute,"Something came up, and I need to cancel our plans. How do I apologize without seeming inconsiderate?","Hey [Friend's Name], I’m so sorry, but something unexpected came up, and I have to cancel our plans. I really hate to do this, especially last minute, and I hope it doesn’t mess up your day too much. I’d love to make it up to you and find a time that works for both of us soon. Thanks so much for your understanding!""
",GPT,3,5,4,Or
Ending a mentorship or advising relationship,"I want to step away from a mentorship, but I donג€™t want to hurt their feelings. How can I do this kindly?","Hi [Mentor's Name], I want to thank you so much for the time and support you’ve given me. Your guidance has been so helpful, and I’ve learned a lot from our conversations. Lately, I’ve been reflecting on where I’m headed and feel like I need to take some time to focus on a few new directions on my own. I hope you understand, and I’m very grateful for everything you’ve shared with me. I’d love to stay in touch, and I’ll always appreciate your role in my journey. Thanks again!",GPT,5,5,4,Or
Ending a mentorship or advising relationship,My advisor isnג€™t meeting my needs anymore. How do I let them know that I want to end the relationship politely?,"Hey, I wanted to talk to you about something that's been on my mind. I feel like our advisor situation isn't working for me anymore, and I think it's time for a change. I value our relationship and the work we've done together, but I feel that we've reached a point where we need to part ways. I hope you can understand and respect my decision. Thank you for all your help and support so far.",Friends RAG,5,5,5,Or
Confronting someone about a hygiene issue,A friend has a hygiene problem thatג€™s making me uncomfortable. How can I bring it up without hurting their feelings?,"
Hey [Friend's Name], can we talk for a sec? I want to bring something up that might be a little awkward, but I think it’s important. I’ve noticed a hygiene issue that’s been making me a bit uncomfortable, and I thought you’d want to know. I really appreciate you being open to this conversation!",GPT,2,4,2,Or
Telling a friend you don't want to go into business with them,"My friend wants me to invest in their startup, but I have reservations. How do I say no kindly?","Hey [Friend's Name], thanks so much for thinking of me for this opportunity! I can see how much passion and effort you’re putting into the startup, and I really believe in your vision. After giving it some thought, I’ve decided that I’m not in a position to invest right now. But I’ll definitely be cheering for your success and am here to support you in other ways if I can. Wishing you all the best with this exciting venture!",GPT,4,5,4,Or
Break Up,"Iג€™ve been seeing a guy for 2 months, but his jealousy is starting to make me uncomfortable. How do I end the relationship without making it confrontational?","Hey, I hope you're doing alright. There's something I need to talk to you about. I've really enjoyed getting to know you, but I'm not comfortable with how things are going. Can we meet up to chat?",Claude,3,4,3,Or
Turning down a family or cultural expectation,"I want to break away from a family tradition, but I donג€™t want to offend my parents. How can I phrase this carefully?","Hey, I know it's a [Name] family tradition, but I don't feel comfortable continuing it. I want to do things differently and make my own choices. I hope you understand, and I don't want to offend you or anyone. I just wanted to be honest and let you know my feelings.",Friends RAG,4,5,4,Or
Service Cancellation Prompts,"Iג€™ve been working with the same web developer, but I want to hire someone new for my next project. How do I let them know politely?","Hello, I hope this message finds you well. For my next project, I've decided to work with a different web developer. Thank you for all your great work on previous projects.",Claude,3,4,4,Or
Disappointment Prompts,"I had an important meeting with my boss, and she was distracted the entire time. She didnג€™t listen to my concerns, kept checking her phone, and ended the meeting abruptly. How can I express my disappointment professionally?","Hi [Boss's Name], I hope you’re doing well. I wanted to share some feedback regarding our recent meeting. I appreciate the opportunity to discuss my concerns, but I felt that I wasn’t able to communicate effectively due to distractions during the meeting. I noticed you were checking your phone and that we didn’t have enough time to cover everything thoroughly. I believe open communication is important for our work, and I would appreciate the chance to revisit these topics when you have a moment. Thank you for your understanding.",GPT,3,4,3,Or
Ending a long-term friendship,I feel our friendship has become one-sided and draining. How can I explain this and respectfully end it?,"Hey [Friend's Name], I hope you’re doing okay. I wanted to talk about our friendship because I’ve been feeling like it’s become one-sided and a bit draining for me. I think it’s best for both of us to part ways. I appreciate the moments we've shared, and I wish you all the best. Thank you for understanding!",GPT,3,5,3,Or
Asking a coworker to stop copying your work,Someone at work is using my ideas without permission. How do I address this without causing office tension?,"Hey, can we chat privately? I've noticed some overlap in our work recently. I'd like to discuss how we can ensure our ideas remain distinct while still collaborating effectively. Let me know when you're free to talk.",Claude,4,3,4,Or
Service Cancellation Prompts,"Hi, I've been using the same manicurist for years, but I found someone closer to my new place. Can you help me phrase a message to let her know I won't be coming anymore?","Hey! I wanted to let you know that I've found someone else to do my manicures, as they're now closer to my new place. I just wanted to say thanks for all the years of service and taking care of my nails! It's been fun, and I wish you all the best.",Friends RAG,4,4,4,Or
Addressing someone whoג€™s not paying you back,"A friend borrowed money from me months ago, and I need to ask for it back. How can I phrase this without making things awkward?","Hey, I know we haven't talked about this yet, but I wanted to mention the money you borrowed a while back. I know it might be awkward, but I need to ask for it back now. I hope that's cool with you!",Friends RAG,3,4,3,Or
Rejecting someone who confessed their feelings,"A friend confessed their feelings for me, but I donג€™t feel the same way. How can I reject them gently while preserving the friendship?","Hey, I wanted to chat about what you told me the other day. I care about you, and I value our friendship, but I don't feel the same way romantically. I wanted to be honest because you deserve to know, and I hope we can still be friends. I really value you and our time together.",Friends RAG,4,5,5,Or
Informing someone that their gift wasnג€™t well-received,I received a gift that wasnג€™t what I expected. How can I express my feelings kindly if asked?,"Thank you for the gift. I'm grateful for your kindness. Just to be open, it wasn't quite what I expected, but I appreciate the thought.",Claude,3,3,4,Or
Disappointment Prompts,"I had a bad experience with a caterer for my event. They arrived late, the food was cold, and they ran out of drinks halfway through. How can I write a message to express my disappointment?","Hey, I wanted to let you know that I had a really bad experience with a caterer recently. They showed up late, the food was cold, and they didn't even bring enough drinks. I'm really disappointed and wanted to express this to them, but I'm not sure how. I feel like a complaint is in order, but I don't want to come across as overly negative. Any advice on how I should word this?",Friends RAG,2,2,2,Or
Disappointment Prompts,"I had a bad experience with my landlord. Iג€™ve been reporting issues with the apartment for months, but nothing has been fixed. How can I write a message to express my frustration?","Hi [Landlord's Name], I hope you’re doing well. I wanted to reach out regarding the ongoing issues in my apartment. I’ve reported several problems over the past few months, but unfortunately, nothing has been addressed. I’m becoming increasingly frustrated, as these issues are affecting my living conditions. I would appreciate it if we could discuss a timeline for resolving these matters. Thank you for your attention.",GPT,4,5,4,Or
Telling a friend you don't want to go into business with them,"A friend asked me to join their business, but Iג€™m not interested. How can I decline without hurting their feelings?","Hey, I wanted to chat about your business idea. I think it's amazing that you're pursuing this, and I wish I could get on board, but unfortunately, it's not something I can commit to right now. I hope you understand, and I really hope you find the right people to join you. I have no doubt you'll kill it!",Friends RAG,5,5,5,Or
Asking a coworker to stop copying your work,"A coworker keeps copying my work, and itג€™s making me uncomfortable. How can I ask them to stop without creating drama?","Hey [Coworker's Name], I’ve noticed that some of the work you’ve been doing lately is very similar to mine, and I just wanted to chat about it. I know it might not have been intentional, but I put a lot of effort into my projects, and I’d really appreciate it if we could keep our work more distinct. I think it would be great for both of us to bring our own strengths and ideas to the table. If you need any help or want to brainstorm together, I’m happy to collaborate!",GPT,5,5,4,Or
Asking someone to stop oversharing personal details,"A coworker keeps oversharing about their personal life, and itג€™s making me uncomfortable. How can I ask them to stop without being rude?","Hey [Coworker's Name], I hope you’re doing well! I wanted to mention something that’s been on my mind. I appreciate your openness, but sometimes the personal details can be a bit overwhelming for me. I hope you understand that I’d prefer to keep our conversations more focused on work. Thanks for your understanding!",GPT,4,4,4,Or
Break Up,"I've been dating a girl for 3 dates, but I just don't feel excited about it anymore. Can you help me end it kindly?","Hey [Her Name], I hope you’re doing well. I wanted to reach out because I’ve been thinking about our time together. I really appreciate the moments we’ve shared, but I’ve realized that I’m not feeling the connection I hoped for. I think it’s best for us to part ways now rather than continue dating without that excitement. I wish you all the best and hope you find someone who’s a great match for you.",GPT,4,5,4,Or
Service Cancellation Prompts,"Iג€™ve been using the same personal trainer for a few months, but Iג€™ve decided to start working out on my own. How can I let them know I wonג€™t be continuing with their sessions?","
Hey [Trainer's Name], I hope you're doing well! I wanted to let you know that I've decided to start working out on my own, so I won't be continuing with our sessions. I really appreciate everything you've done for me and have learned a lot! Thank you!",GPT,3,5,3,Or
Turning down a family or cultural expectation,"My family is pressuring me to follow a certain path, but I donג€™t want to. How can I express this without causing tension?","Hey Mom/Dad, I know you want what's best for me, but I've been thinking a lot about my future. I have some different ideas about the path I want to take. Can we sit down and talk about this?",Claude,5,4,4,Or
Service Cancellation Prompts,"Iג€™ve been getting my hair done by the same stylist for years, but I want to try someone new. Can you help me write a polite message to cancel my appointments?","
Hey [Stylist's Name], I hope you’re doing well! I wanted to let you know that I’ve decided to try a new stylist, so I’ll need to cancel my upcoming appointments. I really appreciate all the amazing work you've done for me over the years. Thank you for everything!",GPT,3,5,3,Or
Telling a roommate they need to move out,"My roommate is making living together unbearable, and I need them to move out. How can I ask without causing conflict?","Hey [Roommate's Name], can we chat for a moment? I’ve been feeling like our living situation isn’t working out as well as I hoped. I think it might be best if we consider finding separate living arrangements. I really appreciate your understanding, and I’m here to help with the transition if you need it.",GPT,3,4,3,Or
Rejecting someone who confessed their feelings,"Someone I know expressed romantic interest, but Iג€™m not interested. How do I let them down kindly?","Hey [Name], thank you so much for being open about how you feel. I really appreciate your honesty and the courage it took to share that with me. I’ve thought about it, and I don’t feel the same way, but I truly value the connection we have. I hope we can keep things positive between us, and I wish you the best in finding someone who’s a great match for you.",GPT,5,5,5,Or
Rejecting a gift or favor that has strings attached,A favor from a family member seems like it has strings attached. How do I turn it down without causing offense?,"Hey, I wanted to message you directly about this. I know I said I was having a threesome, but that was actually meant for someone else. I'm so sorry if that message caused any confusion or hurt. Can you please just ignore it? Thanks for understanding.",Friends RAG,5,1,4,Or
Telling a friend you don't want to go into business with them,I donג€™t see myself in the business my friend wants me to join. How can I decline without ruining the friendship?,"
Hey [Friend's Name], I really appreciate you considering me for this business opportunity. After thinking it over, I’ve realized that I don’t see myself fitting into that role. I hope you understand, as I truly value our friendship and want to keep it strong. I’m here to support you in other ways!",GPT,4,4,3,Or
Cancelling plans last minute,"I need to cancel plans due to an emergency, but I donג€™t want my friend to feel unimportant. How should I say this?","I'm so sorry, but I have to cancel our plans. There's an emergency I need to take care of. I feel awful about this. Can we please reschedule? You're important to me and I want to make it up to you.",Claude,2,4,2,Or
Pushy Parents,"My parents are pushing me to take over the family business, but I have other dreams. How do I tell them I donג€™t want to without letting them down?","Hey Mom and Dad, I really appreciate everything you've done for our family business. There's something important I need to talk to you about though. I have some different dreams for my future. Can we chat?",Claude,3,3,3,Or
Service Cancellation Prompts,"Iג€™ve had the same piano teacher for years, but Iג€™ve decided to take a break from lessons. How can I politely let them know?","Hi [Teacher's Name], I hope you’re doing well! I wanted to let you know that I’ve decided to take a break from piano lessons for now. I really appreciate all the guidance and support you’ve given me over the years. Thank you so much!",GPT,4,4,4,Or
Asking a neighbor to stop being too loud,"I have noisy neighbors, and itג€™s disrupting my work-from-home setup. How can I politely ask them to tone it down?","Hey there! I wanted to talk to you about the noise. I'm working from home, and it can get pretty disruptive. I know we all have our lives and routines, but would you mind keeping the volume down a bit, especially during the day? I'd really appreciate it. Thanks!",Friends RAG,5,5,4,Or
Addressing someone whoג€™s not paying you back,"I loaned money to a friend, and they keep avoiding repayment. How can I bring this up without making things uncomfortable?","Hey, I hope everything's alright. I wanted to touch base about the loan. Do you have a timeline in mind for repayment?",Claude,3,3,3,Or
Confronting someone about a hygiene issue,"A family member has a hygiene issue, and I want to tell them without causing embarrassment. How should I phrase this?","Hi, I hope you're doing well. There's something personal I need to talk to you about. Can we find a quiet moment to chat?",Claude,4,2,3,Or
Ending a long-term friendship,I need to step away from a toxic friendship. How can I do this respectfully?,"Hey, I've been doing some thinking about our friendship. I feel it's become a bit unhealthy for me, and I need to take a step back. I hope you can understand. Take care.",Claude,3,4,3,Or
Break Up,"Hi, Iג€™ve been dating a girl for a few months, but our communication styles are too different. How can I break up with her kindly?","Hey, I wanted to talk to you about something that's been on my mind. I think you're great, but I'm realizing that we have very different communication styles, and it's not working for me. I think we should end things now while still being kind to each other. I hope you understand.",Friends RAG,4,4,4,Or
Telling someone you no longer want to be their bridesmaid/groomsman,"Iג€™m supposed to be in a wedding party, but I canג€™t afford the expenses. How do I back out without offending my friend?","Hey, I wanted to chat with you about the wedding. I'm really honored to be part of your special day, but I'm facing some financial challenges with the expenses. Can we talk about this when you have a moment?",Claude,4,5,3,Or
Service Cancellation Prompts,"Iג€™ve had a babysitter for a while, but I no longer need her services as my work schedule has changed. How do I phrase a message to let her know?","Hey [Babysitter's Name], I hope you’re doing well! I wanted to let you know that due to a change in my work schedule, I won’t be needing your babysitting services anymore. I really appreciate all the care and support you've given! Thank you so much!",GPT,3,5,3,Or
Confronting a family member about overstepping boundaries,"A family member keeps interfering in my decisions, and I need to ask them to stop. How can I do this without causing family drama?","Hey, I hope you're doing well. There's something I wanted to discuss with you about our relationship. I value your input, but sometimes I feel like my decisions are being second-guessed. Can we chat about this?",Claude,3,4,3,Or
Telling a roommate they need to move out,"Iג€™ve decided I want my roommate to move out, but I donג€™t want to create conflict. How can I tell them this politely?","Hey, I know we don't have family or close friends nearby, and I value our friendship and our living situation. But I've been feeling like I need my own space, and I think it's best if we don't live together anymore. I hope you understand, and I promise to help you find a new place or a new roommate. Let's talk about it soon and figure out the next steps together.",Friends RAG,4,3,5,Or
Addressing a friend who frequently cancels plans,"My friend keeps canceling plans last minute, and itג€™s starting to bother me. How can I bring this up without causing offense?","Hi, I hope you're doing well. There's something I wanted to talk about. I've noticed a pattern of last-minute cancellations lately, and it's been tough to plan around. Can we chat about this?",Claude,3,3,3,Or
Breaking bad news to someone whoג€™s overly enthusiastic,"A coworker is really excited about a project, but I need to tell them itג€™s not going ahead. How can I break the news without killing their enthusiasm?","Hey, I wanted to chat with you about the project you're working on. There's been a change in plans. Can we find a time to discuss this? I'd like to explore other opportunities too.",Claude,3,2,3,Or
Turning down a job offer or promotion,"I was offered a promotion, but Iג€™m happy with my current role. How do I decline while expressing gratitude?","Hi [Manager's Name], I hope you’re doing well. I want to thank you for the promotion offer and for believing in my abilities. After giving it some thought, I’ve decided to remain in my current role as I’m happy where I am. I truly appreciate your support and understanding, and I look forward to continuing to contribute to the team!",GPT,4,5,4,Or
Ending a long-term friendship,I feel our friendship has become one-sided and draining. How can I explain this and respectfully end it?,"Hey [Friend's Name], I hope you’re doing okay. I wanted to talk about something that’s been on my mind. I feel that our friendship has become one-sided and a bit draining for me. I think it’s best for both of us to part ways. I appreciate the good times we’ve had, and I wish you all the best moving forward. Thank you for understanding!",GPT,3,4,3,Or
Break Up,"Iג€™ve been dating someone for a few months, but we argue constantly, and itג€™s exhausting. How can I break up with them without focusing on the negatives?","Hi, I hope you're well. There's something I need to discuss with you. I care about you, but I feel like our relationship isn't bringing out the best in either of us. Can we meet to talk things through?",Claude,3,4,4,Or
Asking a coworker to stop copying your work,Someone at work keeps taking credit for my ideas. How do I bring this up without making things awkward in the office?,"Hi, can we schedule a time to chat? I'd like to discuss some concerns I have about our work and credit for ideas.",Claude,2,3,4,Or
Disappointment Prompts,"I had dinner at a restaurant last night, and the food was way below expectations. My steak was overcooked, the server forgot my drink order twice, and we had to wait an hour to get our food. Can you help me write a message to express my disappointment?","Hey, I wanted to let you know about my disappointing dining experi$ence last night. I went to [Restaurant Name], and it was honestly a letdown. My steak was overcooked, and I had to remind the server about my drink order twice. On top of that, we waited for an hour for our food. I understand that mistakes happen, but I wanted to share my feedback as a loyal customer. I hope you can address these issues to ensure a better experience for others. Enjoy your dinner tonight, though!",Friends RAG,3,5,5,Or
Confronting someone about a hygiene issue,I have a coworker with a hygiene problem thatג€™s making things awkward at work. How can I approach this delicately?,"Hey, I wanted to talk to you about something delicate. I've noticed an issue with personal hygiene in the office recently, and I wanted to bring it up with you directly, as it's becoming a bit awkward for me. I'm not sure if you've noticed, but I thought it would be best to come to you directly and respectfully. I know these things can be sensitive, but it's becoming a bit of an issue, and I wanted to give you a heads-up. Hope that's cool!",Friends RAG,4,5,5,Or
Ending a collaboration thatג€™s not working,I need to end a work collaboration thatג€™s no longer productive. How do I phrase this without burning bridges?,"Hey, I wanted to talk to you about our collaboration. I think we both know that it's not as productive as it could be, and I feel like we're not getting the best out of this partnership. I think it's time we ended this particular project, but I wanted to say that I've really valued our work together and I hope we can find a way to collaborate more effectively in the future. I don't want to burn any bridges, so let's stay in touch and maybe we can find a better way to work together down the line.",Friends RAG,3,5,4,Or
Ending a long-term friendship,Iג€™ve outgrown a friendship and want to end it. How can I explain this without hurting them too much?,"I hope you're doing well. I wanted to chat about our friendship. We've shared some great times, but I feel we've grown in different directions. I think it's best if we give each other some space. I wish you all the best.",Claude,4,5,4,Or
Asking someone to stop oversharing personal details,A friend is constantly telling me personal details that I donג€™t want to hear. How can I ask them to tone it down kindly?,"Hey, I wanted to chat about something that's been on my mind. I value our friendship, but sometimes, I feel you share personal details that I'm not always comfortable hearing. I know you might not realize it, but it can be a lot for me at times. Can we maybe talk about less intense stuff sometimes? I want to be here for you, but I also want our chats to be a safe space for both of us.",Friends RAG,5,5,4,Or
Turning down a job offer or promotion,I have another job offer that aligns better with my goals. How can I politely decline the current one without offending the company?,"Hi [Hiring Manager's Name], I hope you’re doing well. I want to express my gratitude for the job offer for [Position Name]. After careful consideration, I’ve decided to accept another opportunity that aligns more closely with my career goals. I truly appreciate the time and effort you and your team invested in the process, and I hope we can stay in touch for future opportunities. Thank you for your understanding!",GPT,5,5,4,Or
Rejecting a gift or favor that has strings attached,"A family member offered me help, but I know it comes with expectations Iג€™m not comfortable with. How do I decline without causing tension?","Hey, I know it's a tough spot to be in, but I wanted to let you know that I'm not comfortable taking you up on your offer of help. I really appreciate the gesture, and I know your heart is in the right place, but I'm just not okay with the expectations that come with it. I don't want to put strain on our relationship, so I wanted to be honest and direct. I hope you understand, and that we can still be cool.",Friends RAG,5,5,5,Or
Breaking bad news to someone whoג€™s overly enthusiastic,"A friend is really excited about an idea, but I know itג€™s not realistic. How can I let them down without hurting their feelings?","Hey [Friend's Name], I love that you’re so passionate about your idea! I wanted to share my thoughts and let you know that I have some concerns about its feasibility. I hope we can brainstorm together to find a more realistic approach. Your enthusiasm is great, and I’m here to support you!",GPT,3,4,4,Or
Asking a neighbor to stop being too loud,I need to ask my neighbors to tone down their noise during quiet hours. How can I phrase this kindly?,"Hey [Neighbor's Name], I hope you’re doing well! I just wanted to ask if it might be possible to keep things a little quieter during the late hours. I’ve been having a bit of trouble sleeping, and I know how easy it is for sound to carry between our homes. I’d really appreciate your understanding with this, and I’m happy to work together if there’s anything I can do on my end too. Thanks so much for your help!",GPT,4,4,5,Or
Service Cancellation Prompts,"Iג€™ve been using the same babysitting service for a while, but Iג€™ve found a new sitter. Can you help me write a message to let them know I wonג€™t need their services anymore?","Hi [Babysitting Service Name], I hope you’re doing well! I wanted to let you know that I’ve found a new sitter, so I won’t be needing your services anymore. I really appreciate all the help you've provided! Thank you!",GPT,4,5,5,Or
Break Up,Iג€™m seeing someone but realized that Iג€™m not over my ex. How do I break up without making it worse?,"Hey, I wanted to talk to you about something. I've realized that I'm not over my ex, and I don't think it's fair to you or me to continue seeing each other when I'm not fully emotionally available. I really like you, and I'm sorry if this hurts, but I think we should take some time apart. I hope you understand, and I genuinely wish you the best.",Friends RAG,5,5,5,Or
Service Cancellation Prompts,"Iג€™ve been using the same house cleaning service for years, but I found a more convenient option. How do I politely let them know Iג€™m canceling the service?","Hi [Service Name], I hope you’re doing well! I wanted to let you know that I’ve found a more convenient cleaning option, so I’ll be canceling my service. I really appreciate all the hard work you've done for me over the years. Thank you!",GPT,3,4,4,Or
Disappointment Prompts,"Iג€™ve been going to the same salon for years, but my last haircut was really bad. The stylist cut my hair way shorter than I asked for, and she was distracted the whole time. How can I express my disappointment to the salon owner?","Hey, I wanted to reach out and let you know that I've been feeling a bit disappointed with my recent experiences at the salon. I've been a loyal customer for years, but my last haircut really wasn't up to the usual standard. I wanted to give some feedback because I value your business and want to see it thrive. Is there a good time to chat about it? I'd really appreciate it if you could hear me out.",Friends RAG,5,5,5,Or
Pushy Parents,"My parents keep telling me to stop pursuing my art and get a 'real job,' but art is my passion. How can I let them know that I donג€™t want to give up my dream just to meet their expectations?","Mom, Dad, I know you want what's best for me, but art isn't just a hobby - it's my passion and my dream career. I'd love to talk more about how I plan to make this work. Can we sit down and discuss this?",Claude,5,5,5,Or
Disappointment Prompts,"I recently stayed at a hotel, and while the location was great, the service was really disappointing. The room wasnג€™t cleaned properly, the staff was rude when I asked for fresh towels, and the breakfast buffet was cold and unappetizing. How can I phrase a complaint to the hotel?","Good day, I'm writing regarding my recent stay at your hotel. While the location was great, I encountered several issues with the service. My room wasn't properly cleaned, staff was unhelpful, and the breakfast was subpar. I'd appreciate the opportunity to discuss this further.",Claude,3,5,3,Or
Addressing a friend who frequently cancels plans,"A friend often bails on plans, and I need to address it. How can I express my frustration without damaging the friendship?","Hey, I wanted to touch base about something. Your friendship means a lot to me, but the frequent cancellations have been frustrating. Can we talk about this and find a way to make our plans work better for both of us?",Claude,4,5,4,Or
Cancelling plans last minute,"I have to cancel plans last minute because of work, and I donג€™t want my friend to feel neglected. How can I apologize?","Hey [Friend's Name], I’m really sorry, but I have to cancel our plans last minute because of work. I hate to do this, and I hope you understand. I really value our time together and can’t wait to reschedule soon. Let’s find another time to catch up!",GPT,3,5,4,Or
Rejecting a gift or favor that has strings attached,"I was offered a gift by someone, but I donג€™t want to accept it due to expectations. How can I refuse it kindly?","Hey [Person's Name], thank you so much for offering me this gift—it’s really thoughtful of you, and I appreciate the gesture. After thinking it over, I feel like I’m not able to accept it because I’m concerned it might come with some expectations that I’m not sure I can fulfill. I hope you understand, and I truly appreciate your kindness. Thanks again!",GPT,3,4,4,Or
Telling a roommate they need to move out,I want to move in with someone else and need my current roommate to leave. How do I tell them this politely?,"Hi, I hope you're doing well. I wanted to discuss our living arrangement. I'm planning some changes and need to talk to you about moving out. When can we chat?",Claude,3,4,3,Or
Break Up,"My girlfriend and I have been together for 1 year, but Iג€™ve realized that Iג€™m not attracted to her in the way I should be. How can I break up with her in a way thatג€™s kind and honest?","Hi, I hope you're having a good day. There's something important I need to discuss with you. This past year has meant a lot to me, but I've been doing some thinking about our relationship. Can we meet up to talk?",Claude,4,3,4,Or
Disappointment Prompts,"I attended a workshop, but it was really poorly organized. The materials werenג€™t ready, the instructor was late, and the content was very basic. How can I express my disappointment to the organizers?","Hi [Organizer's Name], I hope you’re doing well. I wanted to share my feedback regarding the workshop I attended on [date]. Unfortunately, I found the experience to be quite disappointing. The materials were not ready, the instructor arrived late, and the content felt very basic, which didn’t meet my expectations. I believe that with some improvements, future workshops could be much more effective. Thank you for considering my feedback.",GPT,4,5,4,Or
Confronting a family member about overstepping boundaries,My parents keep pushing me to make decisions Iג€™m not comfortable with. How can I ask them to stop without creating a rift?,"Hey, I wanted to talk to you about something. I'm not comfortable with the decisions you've been pushing me to make lately. I know you want what's best for me, but these choices aren't right for me, and I need you to respect that. Can we please talk about this and find a way to understand each other better? I don't want there to be any rift between us, but I need you to know that I'm serious about this.",Friends RAG,4,5,5,Or
Informing someone that their gift wasnג€™t well-received,A family member gave me a gift that I canג€™t use. How do I tell them kindly if they ask about it?,"Thank you so much for the thoughtful gift. I really appreciate your kindness. Just to be honest, it's not something I can use right now.",Claude,3,5,3,Or
Ending a long-term friendship,A friendship Iג€™ve had for years no longer feels healthy. How can I end it without causing unnecessary pain?,"Hey, I wanted to talk to you about something that's been on my mind. Our friendship has meant a lot to me over the years, but lately, it doesn't feel like it used to. I think it might be time for us to go our separate ways. I value the good times we had, but I think it's best for both of us to move on. I hope we can both find our peace and happiness separately. Take care.",Friends RAG,5,5,4,Or
Ending a long-term friendship,"A close friend and I have drifted apart, and I think itג€™s time to end the friendship. How can I phrase this kindly?","Hey, I wanted to talk to you about something that's been on my mind. I feel like we've grown apart, and it's been difficult for us to connect like we used to. I think it might be time for us to accept that our friendship has run its course. I value the memories and the times we had, and I wish you all the best for the future. Take care.",Friends RAG,3,5,4,Or
Turning down a family or cultural expectation,"Iג€™m being pushed into a cultural expectation, but itג€™s not what I want for myself. How do I say this without disrespecting my family?","Hi [Family Member's Name/Everyone], I know how much our culture and traditions mean to you, and I respect the values that have been passed down to us. I’ve given it a lot of thought, and I feel like I need to make a different choice for myself that aligns more with what I want in life. It’s not an easy decision, and I hope you can understand that it’s not about rejecting our traditions, but about finding a path that feels right for me personally. I really hope we can continue to support and understand each other, even if we don’t always see things the same way.",GPT,4,4,3,Or
Service Cancellation Prompts,"Iג€™ve been going to the same tailor, but I want to try a new one. Can you help me write a polite message to let them know Iג€™m switching?","Hello, I hope this message finds you well. I've decided to try a new tailor, so I won't be coming in for future alterations. Thank you for all your great work over the years.",Claude,3,5,4,Or
Telling a friend you don't want to go into business with them,I donג€™t see myself in the business my friend wants me to join. How can I decline without ruining the friendship?,"Hey [Friend's Name], I really appreciate you considering me for this business opportunity. After thinking it over, I’ve realized that I don’t see myself in that role. I hope you understand, as I truly value our friendship and want to keep it strong. I’m here to support you in other ways!",GPT,3,5,4,Or
Service Cancellation Prompts,"Iג€™ve had the same personal chef, but Iג€™ve decided to cook for myself now. How can I let them know I no longer need their services?","Hello, I hope you're doing well. I've decided to start cooking for myself, so I won't be needing your services anymore. Thank you for all the delicious meals!",Claude,2,4,3,Or
Disappointment Prompts,"I went to a car repair shop, and they charged me a lot for repairs, but my car still has the same issue. How can I write a message to express my frustration and ask for a refund?","Hi [Shop Name/Mechanic's Name], I hope you’re doing well. I’m reaching out regarding the recent repairs done on my car on [date]. Unfortunately, I’m frustrated to find that the same issue persists, despite the significant amount I was charged for the repairs. Given the circumstances, I would like to discuss the possibility of a refund for the service. I appreciate your attention to this matter and hope we can resolve it promptly.",GPT,2,4,4,Or
Service Cancellation Prompts,"Iג€™ve been working with the same accountant for a few years, but I want to switch to someone else. Can you help me write a message to let them know?","Hey, I wanted to let you know that I've decided to switch accountants. I've been thinking about it for a while, and I feel it's time for a change. I appreciate all your hard work over the years, and I wish you all the best. Thank you for your understanding.",Friends RAG,4,5,4,Or
Turning down a family or cultural expectation,"My family is pressuring me to pursue a certain career, but I donג€™t want to. How can I explain this without hurting them?","Hey, I know it's a bit scary, but you need to be honest with your parents about how you feel. It's your future, and your happiness is what matters. Tell them you don't want to hurt them, but you need them to understand that you have your own dreams and aspirations that might not align with the career they have in mind for you. It's important to stand up for yourself, but also do it in a way that shows you still value their support and guidance. Good luck!",Friends RAG,2,3,5,Or
Rejecting someone who confessed their feelings,"Someone I work with confessed their feelings for me, but I donג€™t feel the same way. How do I reject them while keeping it professional?","Hey, I wanted to chat about what you confessed the other day. I value our working relationship and want to be honest with you. I don't feel the same way, and I think it's important we keep things professional between us. I hope you understand, and I want you to know that I still value our friendship and working dynamic.",Friends RAG,5,5,5,Or
Ending a collaboration thatג€™s not working,"Iג€™ve been working with someone on a project, but itג€™s not going well. How can I end the collaboration without causing conflict?","Hey [Name], I hope you’re doing well! I wanted to talk about our project. I’ve been feeling that it’s not progressing as we hoped, and I think it might be best for us to part ways on this. I appreciate the effort you’ve put in, and I hope we can both find success in our future endeavors. Thank you for understanding!",GPT,3,5,4,Or
Break Up,"Iג€™ve been in a relationship for a while, but Iג€™m starting to feel like Iג€™m losing my sense of self. Can you help me phrase a breakup message that focuses on my need for independence?","Hey [Their Name], I want to talk to you about something that’s been weighing on my mind. I truly appreciate the time we’ve spent together and everything we’ve shared. However, I’ve come to realize that I’m starting to lose my sense of self in this relationship, and I think I need to focus on rediscovering who I am as an individual. It’s important for me to have that independence right now. I hope you understand that this decision isn’t a reflection of you; it’s about what I need for my own growth. I wish you nothing but the best moving forward.",GPT,4,3,4,Or
Asking a coworker to stop copying your work,"A colleague keeps copying my work, and itג€™s frustrating. How can I ask them to stop without creating drama?","Hi, can we have a private chat when you have a moment? There's something about our work I'd like to discuss.",Claude,2,2,4,Or
Confronting a family member about overstepping boundaries,A sibling keeps overstepping and meddling in my personal life. How do I ask them to respect my boundaries?,"Hey, I wanted to talk to you about something that's been on my mind. I love that we're close, and I cherish our bond, but lately, I feel like you've been overstepping a bit when it comes to my personal life. I need you to respect my boundaries and understand that I'll come to you if and when I need your advice or input. I know you mean well, but it's important to me that we maintain a healthy dynamic where we respect each other's space. I hope you understand, and I want us to continue being there for each other.",Friends RAG,5,4,4,Or
Ending a mentorship or advising relationship,"Iג€™ve been working with a mentor, but Iג€™ve realized I need different guidance. How can I end the mentorship without causing offense?","Hi, I'd like to talk about our mentorship. My needs have changed, and I think it's time for a new direction. Can we discuss this?",Claude,3,3,4,Or
Addressing someone whoג€™s not paying you back,"A coworker owes me money, but I donג€™t want to make it uncomfortable. How can I ask for repayment politely?","Hey, I wanted to talk to you about the money [Colleague] owes me. I know it's awkward, but I was wondering if you could repay me soon? I totally understand if it's an inconvenience, but I'd really appreciate it if we could sort this out. No hard feelings, I promise!",Friends RAG,3,5,3,Or
Asking a neighbor to stop being too loud,"The neighborג€™s dog is constantly barking, and I want to ask them to address it. How do I say this politely?","Hi there, I hope this message finds you well. I wanted to chat with you about your dog. I know dogs bark, but lately it's been quite frequent and loud. Could we discuss some ways to manage this?",Claude,4,4,3,Or
Telling someone you no longer want to be their bridesmaid/groomsman,"I agreed to be a groomsman, but Iג€™ve realized I donג€™t have the time to dedicate. How can I let my friend know kindly?","Hey [Friend's Name], I hope you’re doing well! I wanted to talk to you about something important. I’ve realized that I won’t be able to dedicate the time needed to be a groomsman, and I’m really sorry for any inconvenience this may cause. I appreciate your understanding, and I’ll definitely be there to support you on your big day!",GPT,3,5,4,Or
Ending a mentorship or advising relationship,"Iג€™m ready to move on from my mentorship, but I donג€™t want to hurt their feelings. How can I bring this up kindly?","Hi [Mentor's Name], I hope you’re doing well! I wanted to take a moment to thank you for all your support and guidance. I’ve been doing some thinking, and I feel it’s time for me to move on from our mentorship. I truly appreciate everything you’ve shared with me, and I hope we can keep in touch!",GPT,4,5,4,Or
Ending a long-term friendship,A friendship Iג€™ve had for years no longer feels healthy. How can I end it without causing unnecessary pain?,"
Hey [Friend's Name], I hope you’re doing okay. I’ve been doing some thinking about our friendship, and I feel that it’s no longer healthy for me. I think it’s best for both of us to part ways. I appreciate the good times we've shared, and I wish you all the best moving forward. Thank you for understanding!",GPT,3,4,4,Or
Ending a collaboration thatג€™s not working,"Iג€™ve been collaborating with someone on a project, but itג€™s not going well. How can I end it without burning bridges?","Hey, I wanted to talk to you about our project. I think we both know it's not going as well as we'd hoped, and I'm not sure we're getting the best out of each other. I think it's best we take a step back and re-evaluate. I don't want to waste your time or mine, and I think we can both move on and still be cool with each other. Let's chat and see where we're at.",Friends RAG,5,3,5,Or
Informing someone that their gift wasnג€™t well-received,"A friend gave me a gift, but itג€™s something I donג€™t like. How can I tell them kindly without hurting their feelings?","Hey [Friend's Name], thank you so much for the gift—it means a lot to me that you thought of me! You always put so much thought into what you give, and I really appreciate that. I just wanted to be honest with you—I don’t think it’s quite my style/taste, but it’s truly the thought that counts, and I appreciate it so much. I hope you know how much I value our friendship and your kindness!",GPT,5,3,4,Or
Ending a long-term friendship,I feel our friendship has become one-sided and draining. How can I explain this and respectfully end it?,"Hey, I wanted to talk to you about our friendship. I feel like it's become a bit one-sided and uneven lately, and it's starting to affect me. I think it might be best for both of us if we took a step back and focused on other people and things for a while. I hope you understand, and I wish you all the best.",Friends RAG,4,5,4,Or
Informing someone that their gift wasnג€™t well-received,I got a gift that I donג€™t care for. How can I express this kindly if they ask about it?,"Hey, I wanted to say thank you for the gift. I appreciate the thought, but it's not really my taste. I hope you don't mind me being honestג€”I thought it was better than pretending! Let me know if you'd like me to return it or pass it on. No hard feelings, I hope!",Friends RAG,2,5,3,Or
Turning down a job offer or promotion,I've been offered a job but it's not the right fit. How can I politely decline without burning bridges?,"Hey, I really appreciate the job offer. After careful consideration, I don't think it's the right fit for me at this time. I've enjoyed getting to know you and the team, and I wish you all the best in finding the perfect candidate.",Claude,4,5,4,Or
Telling a roommate they need to move out,Iג€™m no longer comfortable living with my roommate. How can I ask them to move out without making it too awkward?,"Hey, can we find some time to talk about our living situation? I'm not feeling comfortable with the current arrangement. Let me know when you're free.",Claude,2,2,4,Or
Ending a mentorship or advising relationship,"Iג€™ve been working with a mentor, but their advice is no longer relevant. How can I end the relationship without causing offense?","Hi [Mentor's Name], I just wanted to take a moment to express how much I’ve appreciated your guidance and support. You’ve helped me grow a lot, and I’m really grateful for everything I’ve learned from you. As I’m moving in a new direction with my goals, I feel like it might be the right time for me to explore other perspectives and focus on some different areas. I hope we can stay in touch, and I truly value the time and wisdom you’ve shared with me. Thanks again for everything!",GPT,4,4,4,Or
Addressing a friend who frequently cancels plans,"My friend often cancels plans, and I need to address it. How do I tell them itג€™s starting to bother me?","Hey, I wanted to talk to you about something that's been bothering me lately. I've noticed that we've been making plans, but then they often get canceled, and it's starting to affect me. I wanted to bring it up because I value our friendship and don't want this to create any distance between us. Can we talk about it? I think it's important we address this together.",Friends RAG,4,5,5,Or
Ending a collaboration thatג€™s not working,I need to end a partnership thatג€™s not working. How can I phrase this without causing conflict?,"Hey, I hope you're doing well. There's something I wanted to discuss about our partnership. I feel like it's not working out as we'd hoped. Can we find a time to chat about how to move forward?",Claude,4,4,4,Or
Ending a mentorship or advising relationship,"My advisor isnג€™t helpful anymore, and I want to step away from the relationship. How can I phrase this kindly?","Hello, I'd like to discuss our advisory relationship. I feel my needs have evolved. Could we find a time to chat about this?",Claude,3,3,4,Or
Confronting a family member about overstepping boundaries,A sibling keeps meddling in my personal life. How can I ask them to stop respectfully?,"Hey [Sibling's Name], I know you care about me and just want the best for me, and I really appreciate that. But lately, I’ve been feeling like I need a little more space when it comes to my personal life. It would mean a lot to me if you could give me some room to handle things on my own. I promise if I need advice or support, I’ll definitely reach out to you. Thanks for understanding—I hope this doesn’t come across the wrong way.",GPT,4,4,5,Or
Ending a collaboration thatג€™s not working,"A work collaboration isnג€™t productive, and I want to step away. How can I express this professionally?","Hi [Collaborator's Name], I’ve appreciated the chance to work together on this project and the insights you’ve brought to the table. After giving it some thought, I’ve realized that I need to shift my focus and take a different approach with my work. I think it would be best for me to step back from this collaboration to ensure that both of us can work most effectively. I hope you understand, and I’m grateful for the time we’ve worked together. Please feel free to reach out if you’d like to collaborate again in the future. Thanks so much for your understanding!",GPT,3,2,3,Or
Service Cancellation Prompts,"Iג€™ve had the same yoga instructor for months, but I want to try a new class. Can you help me write a message to inform them I wonג€™t be attending their classes anymore?","
Hi [Instructor's Name], I hope you’re doing well! I wanted to let you know that I’ve decided to try a new yoga class, so I won’t be attending yours anymore. I really appreciate all the guidance and support you’ve given me. Thank you!",GPT,3,4,3,Or
Confronting someone about a hygiene issue,"My friend has bad breath, and I feel awkward bringing it up. How can I do it kindly?","Hey, I hope you don't mind me bringing this up, but I've noticed your breath has been a bit strong lately. I'm only mentioning it because I care about you. Maybe we could grab some mints together?",Claude,2,2,3,Or
Break Up,"Iג€™ve been seeing someone for a while, but Iג€™ve realized we have different life goals. Could you help me phrase a breakup message?","Hey [Name], I’ve really enjoyed the time we’ve spent together, and I care about you a lot. After thinking about it, though, I’ve realized that our life goals and what we’re looking for in the future are heading in different directions. It’s not an easy decision for me, but I think it’s best for both of us if we go our separate ways. I hope you understand, and I wish you all the best moving forward. You deserve someone whose path aligns more closely with yours.",GPT,5,4,5,Or
Telling a roommate they need to move out,I need more space and want to ask my roommate to move out. How do I do this without causing tension?,"Hi, I wanted to chat about our living situation. I've realized I need more personal space, and I think it might be best if we lived separately. Can we talk about this when you're free? I want to make sure we handle this in the best way possible.",Claude,4,3,4,Or
Rejecting a gift or favor that has strings attached,"Someone offered me a gift, but I feel it comes with obligations. How can I turn it down politely?","I'm touched by your generous offer. After careful consideration, I don't feel I can accept it. Thank you for thinking of me.",Claude,3,4,3,Or
Rejecting a gift or favor that has strings attached,I was offered a favor that seems to have strings attached. How can I reject it kindly without offending them?,"Hey [Name], I really appreciate your offer to help, but I think I need to pass this time. I’m not comfortable with the conditions that might come with it. Thank you for understanding, and I hope you know I value our relationship!





",GPT,3,5,4,Or
Asking a coworker to stop copying your work,"A coworker is mimicking my work, and itג€™s starting to affect me. How can I address this without causing tension?","Hey, I was hoping we could talk about our recent projects. I've noticed some similarities that I'd like to discuss. When are you free?",Claude,3,3,4,Or
Turning down a job offer or promotion,I have another job offer that aligns better with my goals. How can I politely decline the current one without offending the company?,"
Hi [Hiring Manager's Name], I hope you’re doing well. I want to thank you for the job offer for [Position Name]. After careful consideration, I’ve decided to accept another opportunity that aligns more closely with my career goals. I genuinely appreciate the offer and the time you and your team invested in the process. I hope to stay in touch for future opportunities. Thank you again for your understanding!",GPT,5,5,5,Or
Rejecting someone who confessed their feelings,"A close friend has feelings for me, but I only see them as a friend. How can I phrase this without making things awkward?","Hey, I know we're close, and I value our friendship so much. I wanted to be honest with you because I sense that you might have feelings for me, and I don't want to lead you on. I'm so sorry, but I only see you as a friend, and I don't want to risk making things weird between us. I hope we can still hang out and be cool, because I truly value our friendship.",Friends RAG,5,4,5,Or
Cancelling plans last minute,I have to cancel plans last minute and I donג€™t want my friend to feel disrespected. How can I phrase this?,"Hey, I'm so sorry but something unexpected came up and I need to cancel our plans for today. Can we reschedule? I feel terrible about the short notice.",Claude,4,4,5,Or
Telling a friend you don't want to go into business with them,"A friend asked me to go into business with them, but Iג€™m not interested in mixing friendship with business. How do I express this without damaging the friendship?","I'm flattered you thought of me for your business venture. After thinking it over, I don't think mixing our friendship with business is the right move for me. I hope you understand.",Claude,4,4,4,Or
Rejecting someone who confessed their feelings,"A friend told me they like me, but I only see them as a friend. How can I turn them down without ruining the friendship?","Hey, I'm really touched that you shared your feelings with me. You're a great friend, but I don't have the same romantic feelings. I hope we can still be friends.",Claude,3,5,4,Or
Break Up,"Iג€™ve been dating this guy for a few months, and while I like him, I feel like we have no emotional connection. How do I break up with him without making it too awkward?","Hey, I wanted to chat about something that's been on my mind. I like you, and I've enjoyed the time we've spent together, but I can't shake the feeling that we're not quite on the same page emotionally. I think it's important to be honest and upfront about this sort of thing, so I wanted to let you know that I'm considering ending our relationship. I just don't feel like we have the emotional connection I'm looking for in a partner. I wanted to talk to you about this in person and see how you feel. I hope we can still be cool and, if nothing else, walk away from this as friends.",Friends RAG,4,5,5,Or
Breaking bad news to someone whoג€™s overly enthusiastic,"Someone is overly enthusiastic about an idea, but I donג€™t think it will work. How do I let them down without crushing their spirit?","Hi there, I've been thinking about your idea and I really appreciate your enthusiasm. I have some concerns though. Could we chat about it? I'd love to explore how we might adapt it to make it more feasible.",Claude,4,3,4,Or
Pushy Parents,"My parents are pressuring me to stay in my hometown, but Iג€™ve always wanted to explore the world. How do I tell them that I need to go after my dream of living abroad?","Hey Mom and Dad, I know you want me close, but I've always dreamed of experiencing life abroad. Can we talk about this? I'd love to share my plans and hear your thoughts.",Claude,3,5,4,Or
Telling a roommate they need to move out,"My roommate and I have different lifestyles, and I want to ask them to move out. How can I phrase this without making it uncomfortable?","Hey, I hope you're doing well. I wanted to have an open conversation about our living arrangement. I think our lifestyles aren't quite compatible, and it might be best if we lived separately. Can we discuss this further?",Claude,4,3,4,Or
Telling a friend you don't want to go into business with them,I donג€™t want to go into business with my friend. How can I express this without causing tension?,"I've been thinking a lot about your business proposal. While I'm honored you considered me, I don't think it's the right move for me at this time. I hope you understand, and I'm excited to support your venture in other ways!",Claude,3,3,4,Or
Service Cancellation Prompts,"Iג€™ve been using the same landscaper for a while, but I want to switch to a new company. How do I phrase a message to let them know I wonג€™t be using their services anymore?","Hi, I wanted to let you know that I've decided to switch to a new landscaping company. Thank you for maintaining my yard so beautifully over the years.",Claude,3,4,3,Or
Service Cancellation Prompts,"Iג€™ve been seeing the same massage therapist for a while, but Iג€™ve decided to try a new one. How can I kindly let them know I wonג€™t be scheduling more sessions?","Hi, I hope you're doing well. I've decided to try a new massage therapist, so I won't be scheduling any more sessions. Thank you for all the relaxing massages!",Claude,3,4,3,Or
Disappointment Prompts,"I recently had a plumber come to fix a leak in my bathroom, but after he left, the leak was still there. He charged me a lot for the job, and now I need to call someone else to fix it. How can I express my frustration?","Hello, I'm reaching out about the recent plumbing work done in my bathroom. Unfortunately, the leak is still present after your visit. Given the high cost of the service, I'm quite concerned. Can we discuss how to resolve this issue?",Claude,5,5,5,Or
Turning down a family or cultural expectation,"My family wants me to get married, but Iג€™m not ready. How can I express my feelings without upsetting them?",I'd like to talk about the topic of marriage. I have some thoughts I'd like to share. Can we find a time to chat?,Claude,2,3,3,Or
Service Cancellation Prompts,I want to switch my cleaning service because I found a more affordable option. How do I tell the current cleaning lady she won't need to come anymore?,"Hello, I wanted to inform you that I've decided to switch to a different cleaning service. I appreciate all your hard work and dedication. Thank you for everything.",Claude,4,4,4,Or
Break Up,"Iג€™ve been casually dating a girl, but Iג€™ve realized sheג€™s way more serious about us than I am. How do I let her down gently?","Hey [Her Name], I wanted to talk about where we’re at. I’ve really enjoyed spending time with you and getting to know you, but I’ve come to realize that I’m not in the same place in terms of how serious I want this to be. I think you deserve someone who is fully on the same page and ready for the kind of relationship you’re looking for. I truly appreciate the time we’ve spent together, and I hope we can part on good terms. Wishing you all the best moving forward.",GPT,3,3,4,Or
Disappointment Prompts,"I recently hired a cleaning service, but they did a terrible job. They missed several areas in the house, and when I pointed it out, they were rude and dismissive. How do I write a complaint to the company?","Hi [Cleaning Service Name], I hope you’re well. I wanted to bring to your attention my recent experience with your cleaning service on [date]. Unfortunately, I was very disappointed with the quality of the cleaning. Several areas in my home were missed, and when I pointed this out, the staff was rude and dismissive. I expected a higher standard of service, and this experience did not meet those expectations. I would appreciate your attention to this matter and a response regarding how we can resolve this issue. Thank you.",GPT,4,5,4,Or
Telling someone you no longer want to be their bridesmaid/groomsman,"I agreed to be a bridesmaid, but now I canג€™t commit. How can I let the bride know without causing drama?","Hey [Bride's Name], I wanted to talk to you about something that’s been on my mind. I’m so grateful that you asked me to be a bridesmaid, and it means a lot to me. But after thinking it over, I realize that I’m not able to commit to everything that comes with the role. I really don’t want to let you down on such an important day, so I think it’s best if I step back now rather than later. I hope you understand, and I’m still here for you if you need any help or support leading up to the wedding!",GPT,5,5,5,Or
Turning down a family or cultural expectation,"Iג€™m expected to follow a cultural path I donג€™t agree with, and I need to tell my family. How can I express this without causing offense?",I'd like to talk about some cultural expectations. I have some different ideas about my path. Can we find time to discuss this?,Claude,3,3,3,Or
Telling a friend you don't want to go into business with them,"I value our friendship, but I donג€™t feel comfortable joining a business venture together. How can I phrase this kindly?","Hey, I hope you're doing well. I wanted to chat about the business idea you shared with me. I really value our friendship, and I think it's important to be honest about this. I don't feel comfortable moving forward with the venture, but I want you to know that it's not a reflection on our friendship or your idea. It's just not something I feel I can commit to right now. I hope you understand, and I'm here if you want to talk about it.",Friends RAG,4,4,4,Or
Pushy Parents,"My parents keep asking when Iג€™m going to 'settle down,' but thatג€™s not what I want right now. How do I explain that Iג€™m happy with my current life and not in a rush to change it?","Hi Mom and Dad, I know you're concerned about my future. I'm happy with where I am right now, and I'm not ready for the traditional 'settling down' yet. Can we chat about this? I'd love to explain my perspective.",Claude,3,4,3,Or
Service Cancellation Prompts,"Iג€™ve been getting my nails done at the same salon, but I found a new place closer to work. Can you help me phrase a message to cancel future appointments?","Hey, I hope you're doing great. I've found a new nail salon closer to my work, so I'll be cancelling my future appointments. Thanks for all the amazing manicures!",Claude,3,5,3,Or
Turning down a job offer or promotion,"Iג€™ve been offered a promotion, but Iג€™m not interested in the additional responsibilities. How do I turn it down gracefully?","Thanks so much for considering me for the promotion. I'm honored, but I've realized I'm not ready to take on additional responsibilities right now. I hope you understand, and I'm excited to keep contributing in my current role.",Claude,4,5,4,Or
Asking a neighbor to stop being too loud,"My neighbors are really noisy late at night, and itג€™s affecting my sleep. How can I ask them to be quieter without being rude?","Hey [Neighbor's Name], I hope you’re doing well! I just wanted to mention that I’ve been having a bit of trouble sleeping lately because of the noise late at night. I totally understand that everyone has their own schedule, but if it’s possible to keep things a little quieter during late hours, I’d really appreciate it. Thanks so much for your understanding, and let me know if there’s anything I can do on my end too!",GPT,4,5,5,Or
Break Up,"Iג€™ve been in a relationship for 8 months, and while heג€™s been great, I feel like Iג€™m not ready to settle down. How do I tell him this without hurting his feelings?","Hey, I hope you're doing well. There's something I need to talk to you about. I've really enjoyed our time together, but I'm realizing I'm not in the right place for a serious relationship right now. Can we meet up to chat?",Claude,3,3,4,Or
Break Up,I recently realized my girlfriend and I are not compatible in terms of values. Could you help me end the relationship politely?,"Hey, I wanted to talk to you about something that's been on my mind. I care about you, but I've realized that we might not be as compatible as I thought we were, especially when it comes to our values. This is hard for me to say, but I think it might be best for both of us if we ended things now. I hope we can both move forward and find what we're looking for. Take care.",Friends RAG,5,5,5,Or
Break Up,"Iג€™ve been with my boyfriend for a year, but Iג€™m starting to feel more like roommates. Could you help me with a breakup text?","Hey [Boyfriend's Name], I’ve been doing a lot of thinking about our relationship, and I want to be honest with you. I really appreciate the time we’ve spent together over the past year, but I’m starting to feel like we’re more like roommates than partners. I think it’s best for both of us to go our separate ways. This isn’t an easy decision, and it’s not a reflection of you as a person. I truly wish you all the best, and I hope you understand.",GPT,5,5,5,Or
Confronting someone about a hygiene issue,"A coworker has a body odor issue, and I need to bring it up tactfully. How can I phrase this without embarrassing them?","Hey, I wanted to talk to you about something a little sensitive. I've noticed that sometimes you have a bit of a body odor issue, and I wanted to bring it up in a respectful way. It's a tough topic to address, but I thought you should know so that you can be aware and take care of it. I'm sure it's an easy fix, and I don't want it to be a big deal. Let me know if there's anything I can do to help, and we can work together to sort this out discreetly.",Friends RAG,5,4,4,Or
Asking someone to stop oversharing personal details,"A coworker keeps oversharing about their personal life, and itג€™s making me uncomfortable. How can I ask them to stop without being rude?","Hey, I wanted to chat about something. You've been sharing a lot about your personal life lately, and while I appreciate your honesty, it's starting to make me feel a bit uncomfortable. I'd appreciate it if we could keep our conversations more focused on work from now on. Thanks, and I hope you understand.",Friends RAG,5,5,5,Or
Cancelling plans last minute,I had a family emergency come up and need to cancel plans. How do I explain this without making them feel unimportant?,"Hey, sorry for the late notice, but I have a family emergency and need to cancel our plans. I know this is last minute, and I totally understand if you're upset, but it's important that I deal with this now. I promise I'll make it up to you when things calm down.",Friends RAG,5,5,5,Or
Addressing a friend who frequently cancels plans,"A friend keeps canceling our plans last minute, and itג€™s frustrating. How can I bring it up without damaging the friendship?","Hey, I wanted to talk to you about something that's been frustrating me lately. I know we make plans, and then you cancel them last minute, and it's becoming a pattern. I get that things come up, but this is affecting me, and I wanted to bring it up before it caused any more issues between us. I value our friendship, and I'm hoping we can work this out.",Friends RAG,4,5,4,Or
Service Cancellation Prompts,"Iג€™ve been using the same home repairman for a while, but Iג€™ve found a new service provider. How do I phrase a message to let them know?","Hey, I just wanted to let you know that I've decided to switch to a new home repair service provider. I've been meaning to tell you, and I just wanted to say thanks for all your help up to this point. I appreciate it!",Friends RAG,4,5,4,Or